/*
SQLyog Professional v12.09 (64 bit)
MySQL - 5.7.17-log : Database - mewedatabase
*********************************************************************
*/

/*!40101 SET NAMES utf8 */;

/*!40101 SET SQL_MODE=''*/;

/*!40014 SET @OLD_UNIQUE_CHECKS=@@UNIQUE_CHECKS, UNIQUE_CHECKS=0 */;
/*!40014 SET @OLD_FOREIGN_KEY_CHECKS=@@FOREIGN_KEY_CHECKS, FOREIGN_KEY_CHECKS=0 */;
/*!40101 SET @OLD_SQL_MODE=@@SQL_MODE, SQL_MODE='NO_AUTO_VALUE_ON_ZERO' */;
/*!40111 SET @OLD_SQL_NOTES=@@SQL_NOTES, SQL_NOTES=0 */;
CREATE DATABASE /*!32312 IF NOT EXISTS*/`mewedatabase` /*!40100 DEFAULT CHARACTER SET utf8 COLLATE utf8_bin */;

USE `mewedatabase`;

/*Table structure for table `category` */

DROP TABLE IF EXISTS `category`;

CREATE TABLE `category` (
  `cid` int(11) NOT NULL AUTO_INCREMENT,
  `cname` varchar(255) DEFAULT NULL,
  PRIMARY KEY (`cid`)
) ENGINE=InnoDB AUTO_INCREMENT=11 DEFAULT CHARSET=utf8;

/*Data for the table `category` */

insert  into `category`(`cid`,`cname`) values (1,'空调'),(2,'电视'),(3,'洗衣机'),(4,'冰箱'),(5,'大厨卫'),(6,'小厨卫'),(7,'生活电器'),(8,'个人护理'),(9,'家庭影音'),(10,'进口电器');

/*Table structure for table `categorysecond` */

DROP TABLE IF EXISTS `categorysecond`;

CREATE TABLE `categorysecond` (
  `csid` int(11) NOT NULL AUTO_INCREMENT,
  `csname` varchar(255) DEFAULT NULL,
  `cid` int(11) DEFAULT NULL,
  PRIMARY KEY (`csid`),
  KEY `FK936FCAF21DB1FD15` (`cid`),
  CONSTRAINT `FK936FCAF21DB1FD15` FOREIGN KEY (`cid`) REFERENCES `category` (`cid`)
) ENGINE=InnoDB AUTO_INCREMENT=77 DEFAULT CHARSET=utf8;

/*Data for the table `categorysecond` */

insert  into `categorysecond`(`csid`,`csname`,`cid`) values (1,'壁挂式空调',1),(2,'柜式空调',1),(3,'中央空调',1),(4,'曲面电视',2),(5,'超薄电视',2),(6,'HDR电视',2),(7,'OLED电视',2),(8,'4K电视',2),(9,'55寸+',2),(10,'65寸+',2),(11,'滚筒洗衣机',3),(12,'洗烘一体机',3),(13,'波轮式洗衣机',3),(14,'迷你洗衣机',3),(15,'多门',4),(16,'对开门',4),(17,'三门',4),(18,'双门',4),(19,'冷柜/冰吧',4),(20,'酒柜',4),(21,'抽油烟机',5),(22,'燃气灶',5),(23,'烟灶套装',5),(24,'消毒柜',5),(25,'洗碗机',5),(26,'电热水器',5),(27,'燃气热水器',5),(28,'嵌入式厨电',5),(29,'电饭煲',6),(30,'微波炉',6),(31,'电烤箱',6),(32,'电磁炉',6),(33,'电陶炉',6),(34,'电压力锅',6),(35,'豆浆机',6),(36,'咖啡机',6),(37,'面包机',6),(38,'榨汁机',6),(39,'料理机',6),(40,'电饼铛',6),(41,'酸奶机',6),(42,'煮蛋机',6),(43,'面条机',6),(44,'多用途锅',6),(45,'电吹风',7),(46,'冷风扇',7),(47,'吸尘器',7),(48,'净化器',7),(49,'扫地机器人',7),(50,'加湿器',7),(51,'烫斗',7),(52,'取暖电器',7),(53,'插座',7),(54,'电话机',7),(55,'饮水机',7),(56,'净水器',7),(57,'除湿机',7),(58,'干衣机',7),(59,'清洁机',7),(60,'收音机',7),(61,'剃须刀',8),(62,'口腔护理',8),(63,'美容器',8),(64,'洁面仪',8),(65,'卷发器',8),(66,'理发器',8),(67,'剃毛器',8),(68,'足浴盘',8),(69,'按摩椅',8),(70,'家庭影院',9),(71,'迷你音响',9),(72,'DVD',9),(73,'功放',9),(74,'回音壁',9),(75,'原装进口',10),(76,'进口电器',10);

/*Table structure for table `orderitem` */

DROP TABLE IF EXISTS `orderitem`;

CREATE TABLE `orderitem` (
  `itemid` int(11) NOT NULL AUTO_INCREMENT,
  `count` int(11) DEFAULT NULL,
  `subtotal` double DEFAULT NULL,
  `pid` int(11) DEFAULT NULL,
  `oid` char(32) DEFAULT NULL,
  PRIMARY KEY (`itemid`),
  KEY `FKE8B2AB6166C01961` (`oid`),
  KEY `FKE8B2AB6171DB7AE4` (`pid`),
  KEY `FKE8B2AB6140ACF87A` (`oid`),
  CONSTRAINT `FKE8B2AB6140ACF87A` FOREIGN KEY (`oid`) REFERENCES `orders` (`oid`),
  CONSTRAINT `FKE8B2AB6171DB7AE4` FOREIGN KEY (`pid`) REFERENCES `product` (`pid`)
) ENGINE=InnoDB DEFAULT CHARSET=utf8;

/*Data for the table `orderitem` */

/*Table structure for table `orders` */

DROP TABLE IF EXISTS `orders`;

CREATE TABLE `orders` (
  `oid` char(32) NOT NULL,
  `total` double DEFAULT NULL,
  `ordertime` datetime DEFAULT NULL,
  `state` int(11) DEFAULT NULL,
  `name` varchar(20) DEFAULT NULL,
  `phone` varchar(20) DEFAULT NULL,
  `addr` varchar(200) DEFAULT NULL,
  `uid` int(11) DEFAULT NULL,
  PRIMARY KEY (`oid`),
  KEY `FKC3DF62E5AA3D9C7` (`uid`),
  CONSTRAINT `FKC3DF62E5AA3D9C7` FOREIGN KEY (`uid`) REFERENCES `user` (`uid`)
) ENGINE=InnoDB DEFAULT CHARSET=utf8;

/*Data for the table `orders` */

/*Table structure for table `product` */

DROP TABLE IF EXISTS `product`;

CREATE TABLE `product` (
  `pid` int(11) NOT NULL AUTO_INCREMENT,
  `pname` varchar(255) DEFAULT NULL,
  `marketprice` double DEFAULT NULL,
  `shopprice` double DEFAULT NULL,
  `image` varchar(255) DEFAULT NULL,
  `pdesc` varchar(255) DEFAULT NULL,
  `ishot` int(11) DEFAULT NULL,
  `pdate` datetime DEFAULT NULL,
  `csid` int(11) DEFAULT NULL,
  PRIMARY KEY (`pid`),
  KEY `FKED8DCCEFB9B74E02` (`csid`),
  CONSTRAINT `FKED8DCCEFB9B74E02` FOREIGN KEY (`csid`) REFERENCES `categorysecond` (`csid`)
) ENGINE=InnoDB AUTO_INCREMENT=391 DEFAULT CHARSET=utf8;

/*Data for the table `product` */

insert  into `product`(`pid`,`pname`,`marketprice`,`shopprice`,`image`,`pdesc`,`ishot`,`pdate`,`csid`) values (4,'美的 BCD-318WTPZM 318升变频节能',3398,3298,'img/product/dmbx1.jpg','变频节能 智能操控 风冷无霜',0,'2017-06-13 15:43:00',15),(5,'松下（Panasonic）NR-F510VG 408升',21900,20900,'img/product/dmbx2.jpg','日本进口多门冰箱',0,'2017-06-13 15:43:00',15),(6,'西门子（Siemens）BCD-610W（KA92N）',4399,6299,'img/product/dkbx3.jpg','变频风冷对开门冰箱',0,'2017-06-13 15:43:00',16),(7,'海尔（Haier） BCD-452WDVMU2',4399,4299,'img/product/dkbx4.jpg','风冷无霜多门冰箱 干湿区',0,'2017-06-13 15:43:00',16),(8,'三星（Samsung）RSS542NCAEWW',3399,3299,'img/product/dkbx5.jpg','智能变频 风冷大容量冰箱 ',0,'2017-06-13 15:43:00',16),(9,'TCL BCD-398Z50',1999,1899,'img/product/dkbx6.jpg','电脑控温 十字对开门',0,'2017-06-13 15:43:00',16),(10,'美的 BCD468WTF 风冷无霜速冷',4699,4599,'img/product/dkbx7.jpg','风冷无霜纤薄机身',0,'2017-06-13 15:43:00',16),(11,'海尔（Haier） BCD-258WDPM',2199,2099,'img/product/smbx8.jpg','风冷无霜除菌3D立体环绕',0,'2017-06-13 15:43:00',17),(12,'美的 BCD-206TME ',1397,1297,'img/product/smbx9.jpg','时尚三门 三温冰箱 空气',0,'2017-06-13 15:43:00',17),(13,'西门子（Siemens）BCD-610风冷',5099,4999,'img/product/smbx10.jpg','610升 风冷无霜 ',0,'2017-06-13 15:43:00',17),(14,'TCL BCD-205TF1 ',1099,999,'img/product/smbx11.jpg','节能养鲜 软冷冻',0,'2017-06-13 15:43:00',17),(15,'康佳（KONKA） BDC-192MT',1099,999,'img/product/smbx12.jpg','金属无痕 快速冷冻',0,'2017-06-13 15:43:00',17),(16,'海信（Hisense）BCD-218D/Q ',1299,1199,'img/product/smbx13.jpg','家用保鲜 节能经能 快速冷冻',0,'2017-06-13 15:43:00',17),(17,'美的（Mide）BCD-169CME',1199,1099,'img/product/smbx14.jpg','双门冰箱 HIPS环保内胆',0,'2017-06-13 15:43:00',18),(18,'容声（Ronshen）BCD-218D11N',1369,1259,'img/product/smbx15.jpg','双门冰箱 家用节能',0,'2017-06-13 15:43:00',18),(19,'TCL BCD-118KA9118L',799,699,'img/product/smbx16.jpg','金属面板',0,'2017-06-13 15:43:00',18),(20,'容声（Ronshen) BCD-172D11D ',1098,998,'img/product/smbx17.jpg','门封保护 自感应文档补偿',0,'2017-06-13 15:43:00',18),(21,'美的(Midea) BCD-318WTPZM(E) 318升',1500,1400,'img/product/smbx18.jpg','金属面板 静音保鲜',0,'2017-06-13 15:43:00',18),(22,'晶弘（KINGHOME）256',1999,1899,'img/product/smbx19.jpg','风冷无霜 高速制冷',0,'2017-06-13 15:43:00',18),(23,'海尔（Haier） BC 318',1598,1498,'img/product/lgbx20.jpg','商用冰柜',0,'2017-06-13 15:43:00',19),(24,'星星（XINGXING) LSC-316C',1298,1198,'img/product/lgbx21.jpg','全天候冰柜',0,'2017-06-13 15:43:00',19),(25,'美的（Midea） BD-293',1598,1498,'img/product/lgbx22.jpg','保温专家',0,'2017-06-13 15:43:00',19),(26,'海尔（Haier） FCD215SEA',1799,1699,'img/product/lgbx23.jpg','双温冰柜',0,'2017-06-13 15:43:00',19),(27,'容声（Ronshen）BC/100MB',1499,1399,'img/product/lgbx24.jpg','奶茶店冰柜',0,'2017-06-13 15:43:00',19),(28,'维诺卡夫CWC-200',2480,2380,'img/product/jgbx25.jpg','维诺卡夫酒柜',0,'2017-06-13 15:43:00',20),(29,'海尔（Haier） WS052 52',2699,2599,'img/product/jgbx26.jpg','海尔智能温控酒柜',0,'2017-06-13 15:43:00',20),(30,'维诺卡夫SC228AJP',3580,3480,'img/product/jgbx27.jpg','维诺卡夫酒柜',0,'2017-06-13 15:43:00',20),(31,'维诺卡夫FASATO',3780,3680,'img/product/jgbx28.jpg','维诺卡夫酒柜',0,'2017-06-13 15:43:00',20),(32,'维诺卡夫CWC-200A',3090,2980,'img/product/jgbx29.jpg','维诺卡夫酒柜',0,'2017-06-13 15:43:00',20),(33,'维诺卡夫CWC-350AJP',3080,2980,'img/product/jgbx30.jpg','维诺卡夫酒柜',0,'2017-06-13 15:43:00',20),(34,'海信（Hisense）LED55EC780UC',4599,4200,'img/product/qmds31.jpg','18日狂欢价，下单立减400元，限量',0,'2017-06-13 00:00:00',4),(35,'TCL D55A9C',3999,3799,'img/product/qmds32.jpg','限时6月13日一天',0,'2017-06-13 00:00:00',4),(36,'乐视超级电视',5598,5398,'img/product/qmds33.jpg','【618提前抢】 4K超高清 北上广就近发',0,'2017-06-13 00:00:00',4),(37,'三星（SAMSUNG）UA65KU6880JXXZ 65英寸',8999,8699,'img/product/qmds34.jpg','【年中购物节】全场保价618！购机赠一',0,'2017-06-13 00:00:00',4),(38,'长虹（CHANGHONG）55G6 55英寸',5499,5299,'img/product/qmds35.jpg','【6.14巅峰狂欢趴】即刻预约！14日',0,'2017-06-13 00:00:00',4),(39,'夏普（SHARP）LCD-45SF460A 45英寸高',2099,1899,'img/product/cbds36.jpg','【618限时秒杀】，下单返现50元',0,'2017-06-13 00:00:00',5),(40,'海信（Hisense） LED55EC720US 55英寸',4399,4199,'img/product/cbds37.jpg','【即刻预约，6.18疯狂开抢3999',0,'2017-06-13 00:00:00',5),(41,'夏普(SHARP) LCD-60SU465A60英寸超薄',4299,4099,'img/product/cbds38.jpg','【618限时秒杀】，下单返现50元',0,'2017-06-13 00:00:00',5),(42,'暴风TV 45XS 45英寸高清智能液晶电视',1799,1699,'img/product/cbds39.jpg','[京东秒杀]1799元火爆抢购中！',0,'2017-06-13 00:00:00',5),(43,'创维酷开40K2 40英寸64位全高清网络智',1799,1599,'img/product/cbds40.jpg','【613创维酷开巅峰狂欢】',0,'2017-06-13 00:00:00',5),(44,'乐视超级电视 超4',1999,1799,'img/product/HDRds41.jpg','hdr 3GB+16GB 智能高清液晶网络电视',0,'2017-06-13 00:00:00',6),(45,'TCL D55A930C 55英寸',3699,3499,'img/product/HDRds42.jpg','限时6月13日一天抢购价3699!',0,'2017-06-13 00:00:00',6),(46,'康佳（KONKA）S55U 55英寸 4K HDR超',2999,2799,'img/product/HDRds43.jpg','【618提前购！2899限量抢！评论返200元',0,'2017-06-13 00:00:00',6),(47,'海信（Hisense） LED55EC720US 55英寸',4399,4199,'img/product/HDRds44.jpg','【即刻预约，6.18疯狂开抢3999',0,'2017-06-13 00:00:00',6),(48,'TCL 49A660U 49英寸4K金属纤薄64位30',2999,2799,'img/product/HDRds45.jpg','限时6月13日一天，下单立减300',0,'2017-06-13 00:00:00',6),(49,'康佳（KONKA）OLED55V91A 55英寸',8888,8588,'img/product/OLEDds46.jpg','【618钜惠抢康佳】 ',0,'2017-06-13 00:00:00',7),(50,'LG OLED55B6P-C 55英寸4K超清 ',12199,11399,'img/product/OLEDds47.jpg','【成交价11199】 ',0,'2017-06-13 00:00:00',7),(51,'创维(Skyworth) 55S9-I 超高清OLED智能网络电视\n',10999,10799,'img/product/OLEDds48.jpg','4色4K自发光OLED有机电视,主会场!',0,'2017-06-13 00:00:00',7),(52,'LG OLED55C6P-C 55英寸曲面HDR智能纤',12299,12299,'img/product/OLEDds49.jpg','【成交价11299】领券减1000晒单送橡胶',0,'2017-06-13 00:00:00',7),(53,'飞利浦（PHILIPS）65POD901C/T3 65英',25999,25699,'img/product/OLEDds50.jpg','价保618！5月27-6月23日享受三年整机',0,'2017-06-13 00:00:00',7),(54,'创维（Skyworth）55M5E 55英寸4K超高',2899,2699,'img/product/4Kds51.jpg','【613创维巅峰狂欢13日2899秒杀】20',0,'2017-06-13 00:00:00',8),(55,'海信（Hisense） LED55EC720US 55英寸',4399,4299,'img/product/4Kds52.jpg','【即刻预约，6.18疯狂开抢3999',0,'2017-06-13 00:00:00',8),(56,'夏普(SHARP)LCD-60TX85A高清60吋4K',4399,4199,'img/product/4Kds53.jpg','【送12月优酷会员】劲爆放价，价保618',0,'2017-06-13 00:00:00',8),(57,'夏普（SHARP）60英寸LED智能液晶4K平',4299,4199,'img/product/4Kds54.jpg','【送12个月爱奇艺会员】劲爆放价',0,'2017-06-13 00:00:00',8),(58,'TCL D55A9C 55英寸 真4K曲面 30核安卓',3999,3799,'img/product/4Kds55.jpg','限时6月13日一天 ',0,'2017-06-13 00:00:00',8),(59,'创维（Skyworth）55M5E 55英寸4K超高',2899,2699,'img/product/55+ds56.jpg','【613创维巅峰狂欢13日2899秒杀】',0,'2017-06-13 00:00:00',9),(60,'海信（Hisense） LED55EC720US 55英寸',4399,4199,'img/product/55+ds57.jpg','【即刻预约，6.18疯狂开抢3999',0,'2017-06-13 00:00:00',9),(61,'三星（SAMSUNG）UA55KUF30ZJXXZ 55',3699,3499,'img/product/55+ds58.jpg','【钜惠不等618！】55英寸4K高清',0,'2017-06-13 00:00:00',9),(62,'创维（Skyworth）55X5E 55英寸智能彩',2199,2099,'img/product/55+ds59.jpg','【613创维巅峰狂欢13日2798秒杀】智能',0,'2017-06-13 00:00:00',9),(63,'飞利浦（PHILIPS） 55英寸4K超高清智能',3199,3099,'img/product/55+ds60.jpg','【领券减200！咨询有礼】64位强劲九',0,'2017-06-13 00:00:00',9),(64,'乐视超级电视 X65 65英寸高清智能LED液',5499,5399,'img/product/65+ds61.jpg','【618提前抢】买就送12月乐视全屏影视',0,'2017-06-13 00:00:00',10),(65,'三星（SAMSUNG）UA65KU6880JXXZ 65英寸',8999,8699,'img/product/65+ds62.jpg','【年中购物节】全场保价618！',0,'2017-06-13 00:00:00',10),(66,'创维酷开65A2 65英寸4K超高清HDR金属',5999,5799,'img/product/65+ds63.jpg','【价保618！6月13日限量抢】',0,'2017-06-13 00:00:00',10),(67,'LG 65UH6150-CB 65英寸4K液晶平板电',7799,7599,'img/product/65+ds64.jpg','【成交价6999】领券立减800元',0,'2017-06-13 00:00:00',10),(68,'风行电视 G65Y-T 65英寸4K超高清液晶',4999,4699,'img/product/65+ds65.jpg','【6月16日10点限时半个小时下单立减',0,'2017-06-13 00:00:00',10),(69,'格力（GREE) KFR-35GW/(35594)FNhAa-A1',3520,3199,'img/product/bgskt66.jpg','正1.5匹 一级能效变频冷暖润享wifi（白色）',1,'2015-02-11 10:46:47',1),(70,'格力（GREE) KFR-35GW/(35592)NhDa-3',3150,2800,'img/product/bgskt67.jpg','正1.5匹 定速 品圆 冷暖 壁挂式空调 ',1,'2015-02-11 10:46:47',1),(71,'格力（GREE）KFR-35GW/(355971)FNCaD-A2',4500,3999,'img/product/bgskt68.jpg','正1.5匹 变频 凉之静Ⅱ 二级能效',1,'2015-02-11 10:46:47',1),(72,'格力 (GREE) KFR-35GW/(35570)Ga-3',3588,2999,'img/product/bgskt69.jpg','正1.5匹 定频 Q畅 壁挂式冷暖空调 ',1,'2015-02-11 10:46:47',1),(73,'格力 (GREE) KFR-72GW/AaD3',6500,5988,'img/product/bgskt70.jpg','3匹 定频 冷暖 京韵 壁挂式空调',1,'2015-02-11 10:46:47',1),(74,'格力（GREE） KFR-35GW/(35594)FNhAa-A1',4800,4520,'img/product/bgskt71.jpg','正1.5匹 一级能效变频冷暖润享wifi（白色）壁挂式空调',1,'2015-02-11 10:46:47',1),(75,'美的（Midea）KFR-35GW/WDAA3',3200,2888,'img/product/bgskt72.jpg','正1.5匹 变频 智弧 冷暖 智能壁挂式空调',1,'2015-02-11 10:46:47',1),(76,'美的（Midea）KFR-35GW/BP2DN1Y-DA300(B3)E',3600,2999,'img/product/bgskt73.jpg','1.5匹 变频 冷暖 省电星 手机智能操控 壁挂式空调',1,'2015-02-11 10:46:47',1),(77,'美的（Midea）KFR-50GW/DY-DA400(D3)',5000,4200,'img/product/gskt74.jpg','2匹 强劲制冷 远距离送风 定速 冷暖 ',1,'2015-02-11 10:46:47',2),(78,'美的（Midea）KFR-35GW/BP2DN1Y-PC400(B3)',4250,3950,'img/product/gskt75.jpg','1.5匹 变频 冷暖 智能静音 冷静星Ⅱ ECO节能 ',1,'2015-02-11 10:46:47',2),(79,'格力 GREE KFR-50LW/(505511)FNAbD-A3',4050,3850,'img/product/gskt76.jpg','2匹 变频冷暖 智能微联 i酷 圆柱式空调 银色 ',1,'2015-02-11 10:46:47',2),(80,'奥克斯（AUX）(KFR-72LW/BpNHA1+1) ',7500,6800,'img/product/gskt77.jpg','3匹 一级能效 变频冷暖 智能 倾国空调柜机 APP控制 (炫棕金)',0,'2015-02-11 10:46:47',2),(81,'奥克斯（AUX）(KFR-72LW/NSP1+3)',2599,2399,'img/product/gskt78.jpg','3匹 冷暖 定速 空调柜机',0,'2015-02-11 10:46:47',2),(82,'海尔（Haier）KFR-36GW/16GAB13U1套机',2650,2250,'img/product/gskt79.jpg','大1.5匹 冷暖 app智能操控 ',0,'2015-02-11 10:46:47',2),(83,'海尔（Haier） KFR-72LW/09JAA13套机',5000,4500,'img/product/gskt80.jpg','3匹 定频 冷暖 快速制冷 大风量 立式空调柜机',0,'2015-02-11 10:46:47',2),(84,'海尔（Haier）KFR-35GW/19UBA22AU1',3600,3300,'img/product/zykt81.jpg','1.5匹 变频 冷暖 二级能效 自清洁 除PM2.5 ',0,'2015-02-11 10:46:47',3),(85,'格力（GREE）KFR-72LW/(72555)FNhAd-A3',9500,8500,'img/product/zykt82.jpg','3匹 变频 静享 微联智能 冷暖圆柱柜机空调 ',0,'2015-02-11 10:46:47',3),(86,'奥克斯（AUX）(KFR-72LW/R1TC01+2)',8600,7999,'img/product/zykt83.jpg','3匹 二级能效 冷暖 WIFI智能 APP控制 圆柱空调柜机',0,'2015-02-11 10:46:47',3),(87,'奥克斯（AUX）(KFR-72LW/BpTA01+2)',7500,6099,'img/product/zykt84.jpg','3匹 二级能效 变频冷暖 WIFI智能 APP控制 圆柱空调柜机',0,'2015-02-11 10:46:47',3),(88,'TCL （KFRd-72LW/FC23）',5699,4500,'img/product/zykt85.jpg','大3匹 定速 冷暖 空调柜机（18米送风）',0,'2015-02-11 10:46:47',3),(89,'海尔（Haier） KFR-72LW/09JAA13套机',6500,6099,'img/product/zykt86.jpg','3匹 定频 冷暖 快速制冷 大风量 立式空调柜机',0,'2015-02-11 10:46:47',3),(90,'海信（Hisense）（KFR-72LW/EF18Z-A2(2N01)）',6100,5500,'img/product/zykt87.jpg','3匹 二级能效 变频冷暖 智能app控制 除甲醛 空调柜机 ',0,'2015-02-11 10:46:47',3),(91,'西门子（SIEMENS） XQG80-WM10N1C80W ',3999,3499,'img/product/gtxyj88.jpg','8公斤 变频 滚筒洗衣机 LED显示 ',0,'2015-02-11 10:46:47',11),(92,'小天鹅（LittleSwan）TG80V80WDG ',3599,2999,'img/product/gtxyj89.jpg','8公斤变频滚筒洗衣机 全自动 金色超薄 ',0,'2015-02-11 10:46:47',11),(93,'西门子(SIEMENS) XQG70-WM10N0600W ',2499,2099,'img/product/gtxyj90.jpg','7公斤 变频 滚筒洗衣机 静音  ',0,'2015-02-11 10:46:47',11),(94,'海尔（Haier) EG80B829G ',2899,2299,'img/product/gtxyj91.jpg','8公斤变频滚筒洗衣机 特色消毒洗 时尚香槟金',0,'2015-02-11 10:46:47',11),(95,'西门子(SIEMENS) XQG90-WM12U4C00W ',4999,4599,'img/product/gtxyj92.jpg','9公斤 变频 滚筒洗衣机 全屏触摸显示器 加速洗 节能洗（白色）',0,'2015-02-11 10:46:47',11),(96,'美的（Midea）MG70-eco11WX ',3899,3499,'img/product/gtxyj93.jpg','7公斤滚筒洗衣机 白色（智能APP手机控制）',0,'2015-02-11 10:46:47',11),(97,'西门子(SIEMENS) XQG75-WD14H4681W ',8000,7599,'img/1.jpg','7.5公斤 洗烘一体变频 滚筒洗衣机 3D空气冷凝 LED显示屏（银色）',0,'2015-02-11 10:46:47',12),(98,'海尔（Haier) EG8014HB39GU1 ',5099,4599,'img/1.jpg','8公斤变频洗烘一体滚筒洗衣机 蒸汽熨防皱烘干 智能APP控制',0,'2015-02-11 10:46:47',12),(99,'西门子(SIEMENS) XQG75-WD14H4681W',8500,7599,'img/1.jpg','7.5公斤 洗烘一体变频 滚筒洗衣机 3D空气冷凝 LED显示屏（银色）',0,'2015-02-11 10:46:47',12),(100,'松下（Panasonic）XQG90-E59L2H ',5099,4299,'img/1.jpg','9公斤变频 泡沫净滚筒洗衣机 三维立体洗95度高温除菌 银色',0,'2015-02-11 10:46:47',12),(101,'美的（Midea）MD80-11WDX ',4599,4050,'img/1.jpg','8公斤智能洗烘一体变频滚筒洗衣机 （白色）智能APP手机控制',0,'2015-02-11 10:46:47',12),(102,'小天鹅（LittleSwan）TB80-Mute60WD ',1699,1299,'img/1.jpg','8公斤变频全自动波轮洗衣机（灰色） 智能APP手机控制',0,'2015-02-11 10:46:47',13),(103,'美的（Midea）MB80-eco11W ',1399,1080,'img/1.jpg','8公斤全自动波轮 智能APP手机控制',1,'2015-02-11 10:46:47',13),(104,'海尔（Haier)EB80BDF9GU1 ',2090,1988,'img/1.jpg','8公斤直驱变频全自动波轮洗衣机 双智能系统 特色幂动力',1,'2015-02-11 10:46:47',13),(105,'小天鹅（LittleSwan）TB55V20 ',1050,899,'img/1.jpg','5.5公斤 全自动波轮洗衣机（灰色）',1,'2015-02-11 10:46:47',13),(106,'大宇（DAEWOO）ODW30-999RG ',4099,3899,'img/1.jpg','原装进口小型壁挂式迷你滚筒洗',1,'2015-02-11 10:46:47',14),(107,'摩尔（more）XQB45-0125',799,599,'img/1.jpg','洗衣机全自动迷你小型波轮家用宿舍婴儿童4.5公斤 香槟金',1,'2015-02-11 10:46:47',14),(108,'海尔（Haier）MW-PQ10SC ',1199,899,'img/1.jpg','0.8公斤全自动迷你洗衣机婴儿洗衣机内衣洗衣机 白色',1,'2015-02-11 10:46:47',14),(109,'康佳（KONKA）XQB25-632 ',1299,1050,'img/1.jpg','2.5公斤 迷你洗衣机 Kmini婴幼儿 内衣全自动洗衣机',1,'2015-02-11 10:46:47',14),(110,'SONOS SUB ',6290,5688,'img/1.jpg','音响 音箱 家庭智能音响系统 音响 WiFi无线 ',1,'2015-02-11 10:46:47',70),(111,'JBL  STUDIO 180BK + 哈曼卡顿 AVR 151S',15600,13600,'img/1.jpg','音响 音箱 家庭影院 5.1声道 ',1,'2015-02-11 10:46:47',70),(112,'索尼（SONY） BDV-N9200WL ',7800,6180,'img/1.jpg','音响 家庭影院组合 5.1声道 3D蓝光播放  ',1,'2015-02-11 10:46:47',70),(113,'音悦台M1 ',6899,5888,'img/1.jpg','家用KTV点歌机套装 ',1,'2015-02-11 10:46:47',70),(114,'音悦台 Y3 ',5699,5288,'img/1.jpg','家庭ktv点歌音响套装 ',1,'2015-02-11 10:46:47',70),(115,'SONOS PLAY',1480,1288,'img/1.jpg','1音响 音箱 家庭智能音响系统 WiFi无线 智能音响 (黑色)',1,'2015-02-11 10:46:47',71),(116,'飞利浦（PHILIPS）',3099,2588,'img/1.jpg','音响 音箱 家庭影院 无线蓝牙 随需环绕声 F5',1,'2015-02-11 10:46:47',71),(117,'飞利浦（PHILIPS） CN-DTM380/93',1299,999,'img/1.jpg','音响 音箱 CD机 USB播放机 迷你音响 ',1,'2015-02-11 10:46:47',71),(118,'飞利浦（PHILIPS）BTM2310/93',699,599,'img/1.jpg','音响 音箱 CD机 USB 播放机 迷你音响 ',1,'2015-02-11 10:46:47',71),(119,'JBL  MS802 Hi-Fi',4699,3999,'img/1.jpg','音响 音箱 迷你音响 CD机 DVD机 蓝牙音响 ',1,'2015-02-11 10:46:47',71),(120,'飞利浦（PHILIPS）BTD7170/93',1899,1599,'img/1.jpg','音响 音箱 HDMI高清 DVD播放机 迷你音响 CD机 ',1,'2015-02-11 10:46:47',72),(121,'索尼（SONY）CMT-SBT40D ',1288,999,'img/1.jpg','音响 2.0声道 蓝牙 NFC一触功能 DVD,CD播放 ',0,'2015-02-11 10:46:47',72),(122,'飞利浦（PHILIPS） DS1185',1059,788,'img/1.jpg','苹果iphone6S充电器音乐底座音响 家居蓝牙音响 白色',0,'2015-02-11 10:46:47',72),(123,'凯蒂猫（Hello Kitty） KT-GD110 ',1859,1599,'img/1.jpg','USB/CD/DVD/FM收音/组合迷你音响/音箱（黑色）',0,'2015-02-11 10:46:47',72),(124,'飞利浦（PHILIPS）',2599,2159,'img/1.jpg','音响 音箱 家庭影院 无线蓝牙 随需环绕声 F5',0,'2015-02-11 10:46:47',72),(125,'飞利浦（PHILIPS） DVP3600/93',499,259,'img/1.jpg','DVD播放机 CD播放器 VCD播放器 音箱 ',0,'2015-02-11 10:46:47',73),(126,'飞利浦（PHILIPS） DVP3690K/93',580,368,'img/1.jpg','DVD播放机 HDMI高清播放 音响 音箱 CD播放器  ',0,'2015-02-11 10:46:47',73),(127,'索尼（SONY）BDP-S1500 ',799,588,'img/1.jpg','蓝光DVD 支持USB播放 支持网络视频 播放机 黑色',0,'2015-02-11 10:46:47',73),(128,'索尼（SONY）BDP-S6700 ',1288,1199,'img/1.jpg','3D蓝光DVD播放机影碟机 支持4K 内置WIFI',1,'2015-02-11 10:46:47',73),(129,'杰科（GIEC）BDP-G2803网络版',450,350,'img/1.jpg','蓝光dvd播放机 影碟机 USB 光盘 硬盘 ',1,'2015-02-11 10:46:47',73),(130,'雅马哈（Yamaha） RX-V379 ',1599,1399,'img/1.jpg','音响 音箱 家庭影院 AV功放 ',1,'2015-02-11 10:46:47',74),(131,'天龙（DENON） AVR- X518CI',2890,2299,'img/1.jpg','音响 音箱 家庭影院 AV功放 5.1声道数字功率放大器 ',1,'2015-02-11 10:46:47',74),(132,'天龙（DENON） AVR-X1300W ',4080,3699,'img/1.jpg','音响 音箱 家庭影院 AV功放 7.2声道',1,'2015-02-11 10:46:47',74),(133,'索爱(soaiy)SA-7005升级版 ',899,599,'img/1.jpg','家庭影院蓝牙功放机',1,'2015-02-11 10:46:47',74),(134,'夏新（Amoi）SA-580 ',880,499,'img/1.jpg','家庭影院5.1功放机家用专业卡拉OK',0,'2015-02-11 10:46:47',74),(135,'小米（MI）MDZ-19-DA',2888,2099,'img/1.jpg','小米家庭影院环绕立体声人工智能家庭影院(含附件：4175306）',0,'2015-02-11 10:46:47',75),(136,'搜诺思（SONOS）PLAYBAR ）',6500,5099,'img/1.jpg','家庭智能音响系统 WiFi无线 家庭影院回音壁  ',0,'2015-02-11 10:46:47',75),(137,'索尼（SONY）HT-NT5 ',4550,3899,'img/1.jpg','音响 家庭影院 HIFI 4K 蓝牙 WIFI ',0,'2015-02-11 10:46:47',75),(138,'豪韵(HyperSound)6120',2650,2123,'img/1.jpg','家庭影院5.1功放音响组合蓝牙壁挂式电视音响回音壁音箱',0,'2015-02-11 10:46:47',75),(139,'索爱（soaiy）SA-C10 ',2685,1898,'img/1.jpg','家庭影院回音壁音响电视音响虚拟5.1 ',0,'2015-02-11 10:46:47',75),(140,'戴森(Dyson) 吸尘器 V6 ',3699,2399,'img/1.jpg','Motorhead手持式家用除螨无线无绳',1,'2015-02-11 10:46:47',76),(141,'戴森(Dyson) 吹风机 Dyson Supersonic ',3999,3199,'img/1.jpg','电吹风 进口家用 HD01 紫红色',1,'2015-02-11 10:46:47',76),(142,'飞利浦(PHILIPS)空气净化器6000系列KJ650F-F02(AC6608)',5899,4999,'img/1.jpg','家用除雾霾除甲醛除过敏原',1,'2015-02-11 10:46:47',76),(143,'西门子（SIEMENS）洗碗机 SC73M610TI',6588,5899,'img/1.jpg','8套 原装进口 除菌烘干嵌入式',1,'2015-02-11 10:46:47',76),(144,'惠人（HUROM）HU26RG3L 原汁机',3888,2999,'img/1.jpg','低速榨汁机家用多功能新三代',1,'2015-02-11 10:46:47',76),(145,'方太（FOTILE）EMD2T+HC26BE-Y ',5888,4599,'img/1.jpg','欧式抽油烟机燃气灶具套装',0,'2017-06-14 19:30:00',21),(146,'海尔（Haier）  CXW-200-E900T2',2088,1599,'img/1.jpg','18大吸力欧式吸油烟机',0,'2017-06-14 19:30:00',21),(147,'美的（Midea） CXW-200-DT518R',2699,1999,'img/1.jpg','智能高温洗 大风量 欧式抽油烟机',0,'2017-06-14 19:30:00',21),(148,'美的（Midea） AS7210-G1',1099,899,'img/1.jpg','性价比之选 中式抽油烟机',0,'2017-06-14 19:30:00',21),(149,'方太(FOTILE) EH40QE+FD21BE',3999,3299,'img/1.jpg','抽油烟机燃气灶具套装',0,'2017-06-14 19:30:00',21),(150,'华帝（VATTI） CXW-228-i11068',6000,5499,'img/1.jpg','超体系列 大吸力 自动洗 欧式抽油烟机灶具燃气热水器三件套装(天然气)',0,'2017-06-14 19:30:00',22),(151,'美的（Midea） JZT-QL303B',899,579,'img/1.jpg','黑晶立体内旋火 台嵌两用燃气灶(天然气）',0,'2017-06-14 19:30:00',22),(152,'海尔（Haier）JZT-QE636B(12T)',999,689,'img/1.jpg','4.1KW猛火灶 钢化玻璃嵌入式燃气灶（天然气）',0,'2017-06-14 19:30:00',22),(153,'方太（FOTILE）JZT-FD21BE',1699,1399,'img/1.jpg','钢化玻璃 4.1KW大火力燃气灶（天然气）',0,'2017-06-14 19:30:00',22),(154,'美的（Midea）Q360B',1688,1099,'img/1.jpg','三重防爆玻璃 经典燃气灶(天然气)',0,'2017-06-14 19:30:00',22),(155,'方太（FOTILE） EMD2T',5899,4197,'img/1.jpg',' ENJOY云魔方 纯平触控 欧式抽油烟机',0,'2017-06-14 19:30:00',23),(156,'老板（Robam）26A5+58B5+727 ',9589,8129,'img/1.jpg','侧吸式吸油烟机燃气灶消毒柜套装',0,'2017-06-14 19:30:00',23),(157,'方太（FOTILE）JQ25TS',5899,4289,'img/1.jpg','风魔方 全自动升级 侧吸式抽油烟机 ',0,'2017-06-14 19:30:00',23),(158,'华帝（VATTI）i11083+i10034B+i13011',7128,5899,'img/1.jpg','极客系列 大吸力 自动洗 侧吸式抽油烟机燃气灶具消毒柜三件套 ',0,'2017-06-14 19:30:00',23),(159,'美的（Midea）CXW-200-DJ570R',4589,3287,'img/1.jpg','大尺寸大风量 智能蒸汽洗 侧吸式抽油烟机灶具套装(天然气) ',0,'2017-06-14 19:30:00',23),(160,'老板（Robam）65A5+58B5',6999,5189,'img/1.jpg','19立方一键爆炒欧式大吸力抽油烟机燃气灶具套装',0,'2017-06-14 19:30:00',23),(161,'老板（Robam）ZTD100B-727',3289,2000,'img/1.jpg','二星级 100升 五重净化嵌入式消毒柜 碗柜 ',0,'2017-06-14 19:30:00',24),(162,'美的（Midea） MXV-ZLP80K03',699,399,'img/1.jpg','二星级 80系列立式家用消毒柜/碗柜',0,'2017-06-14 19:30:00',24),(163,'美的（Midea）90Q15',1699,1099,'img/1.jpg','二星级 高温独立双模嵌入式消毒柜/碗柜',0,'2017-06-14 19:30:00',24),(164,'方太（FOTILE） J45E',2056,1699,'img/1.jpg','二星级 100L大容量 嵌入式消毒柜/碗柜',0,'2017-06-14 19:30:00',24),(165,'康宝（Canbo）11EK',1428,899,'img/1.jpg','嵌入式消毒柜 家用碗柜',0,'2017-06-14 19:30:00',24),(166,'西门子（SIEMENS）SN23E232TI',5699,4799,'img/1.jpg','13套 原装进口 新平台除菌独立式家用洗碗机 ',0,'2017-06-14 19:30:00',25),(167,'西门子（SIEMENS）SC73M810TI',6895,5289,'img/1.jpg','8套 原装进口 除菌烘干嵌入式家用洗碗机 ',0,'2017-06-14 19:30:00',25),(168,'美的（Midea） WQP8-W3908J-CN',4587,3899,'img/1.jpg','8套 WiFi智控洗 全智能除菌烘干嵌入式家用洗碗机 ',0,'2017-06-14 19:30:00',25),(169,'九阳（Joyoung）X5',2689,2099,'img/1.jpg','家用免安装台式自动洗碗机',0,'2017-06-14 19:30:00',25),(170,'海尔（Haier）HTAW50STGB',4589,3099,'img/1.jpg','6套 小海贝 鎏金黑视窗 自由安装 小贝台式洗碗机 ',0,'2017-06-14 19:30:00',25),(171,'美的（Midea）F60-15WB5(Y)',1289,999,'img/1.jpg','60升预约洗浴 无线遥控 电热水器 ',0,'2017-06-14 19:30:00',26),(172,'海尔(Haier) EC6002-Q6',1689,1388,'img/1.jpg','60升 数显 双管变速加热 专利防电墙 电热水器 ',0,'2017-06-14 19:30:00',26),(173,'史密斯（A.O.Smith）DR60',3029,2489,'img/1.jpg','60升 金圭内胆 速热节能型 电热水器 ',0,'2017-06-14 19:30:00',26),(174,'海尔（Haier）60Q6',2028,1589,'img/1.jpg','60升多功率速热+上出水6.6升厨宝电热水器',0,'2017-06-14 19:30:00',26),(175,'美的（Midea） F60-30WD4A(HEY）',2689,2098,'img/1.jpg','（遥控）高温抑菌 电热水器+上出水5升小厨宝两件套',0,'2017-06-14 19:30:00',26),(176,'美的（Midea）JSQ22-12HWA',1578,1089,'img/1.jpg','12升宽频恒温 6年质保 安防管理 燃气热水器（天然气）',0,'2017-06-14 19:30:00',27),(177,'林内（Rinnai）(JSQ26-22C)',3099,2899,'img/1.jpg','13升智能精控恒温 CO安防 燃气热水器 RUS-13E22CWNF（天然气） ',0,'2017-06-14 19:30:00',27),(178,'史密斯(A.O.Smith) JSQ26-D6',3989,3287,'img/1.jpg','13升 主动防护系统 智能恒温精控 燃气热水器 (天然气) ',0,'2017-06-14 19:30:00',27),(179,'万家乐（macro）JSQ24-12201',1287,998,'img/1.jpg','12升智能恒温 静音烟道 燃气热水器（天然气）',0,'2017-06-14 19:30:00',27),(180,'海尔(Haier)JSQ24-12A1(12T)',1888,1350,'img/1.jpg','12升A1蓝火苗 6年包修宽频恒温燃气热水器(天然气)',0,'2017-06-14 19:30:00',27),(181,'西门子（SIEMENS）HB25D5L2W',7200,6199,'img/1.jpg','22升 原装进口 嵌入式蒸箱 ',0,'2017-06-14 19:30:00',28),(182,'西门子（SIEMENS）HB331E2W',7019,4589,'img/1.jpg','66升 原装进口 嵌入式电烤箱 ',0,'2017-06-14 19:30:00',28),(183,'意大利DAOGRS S1',6099,5150,'img/1.jpg','嵌入式蒸烤箱大容量二合一家用电蒸箱一体机蒸汽炉',0,'2017-06-14 19:30:00',28),(184,'意大利DAOGRS Z6 ',5999,4350,'img/1.jpg','36L家用嵌入式电蒸箱多功能蒸汽炉智能预约电蒸炉',0,'2017-06-14 19:30:00',28),(185,'美的（Midea） TQN34FBJ ',4589,3879,'img/1.jpg','伯爵系列蒸汽烤箱一体机 家用嵌入式电烤箱电蒸箱二合一蒸烤一体机',0,'2017-06-14 19:30:00',28),(186,'美的（Midea）MB-WFS4037',399,299,'img/1.jpg','电饭煲 涡轮除泡防溢锅 金属拉丝机身 圆灶釜4L电饭锅',0,'2017-06-14 19:30:00',29),(187,'苏泊尔（SUPOR）CFXB40HC817-120',799,689,'img/1.jpg','电饭煲电饭锅4L容量 精铁球釜IH电磁加热',0,'2017-06-14 19:30:00',29),(188,'松下（Panasonic）SR-ANY151-P ',1459,1299,'img/1.jpg','IH电磁加热电饭煲4L（对应日标1.5L） 四段变频火力',0,'2017-06-14 19:30:00',29),(189,'飞利浦（PHILIPS）HD3188/21 ',1058,899,'img/1.jpg','智能预约电饭锅4L智芯回漩IH电磁加热火纹锅',0,'2017-06-14 19:30:00',29),(190,'虎牌（tiger）JAG-A10C ',1009,789,'img/1.jpg','电饭煲国内3L',0,'2017-06-14 19:30:00',29),(191,'美的（Midea）X3-233A ',889,599,'img/1.jpg','变频微波炉 蒸煮烤智能菜单 23L金色',0,'2017-06-14 19:30:00',30),(192,'格兰仕（Galanz）G90F25CN3L-C2(G1)',998,699,'img/1.jpg','极光 微波炉 APP智控 25升900瓦快速加热 光波烘烤 ',0,'2017-06-14 19:30:00',30),(193,'格兰仕（Galanz）G80F23CN3L-Q6(P0)',798,599,'img/1.jpg','黑金刚 智能微波炉 光波烧烤 23升800瓦 快速加热解冻 ',0,'2017-06-14 19:30:00',30),(194,'松下（Panasonic）NN-DS1000 ',1088,788,'img/1.jpg','变频蒸汽微波炉 烧烤烘焙一体 一级能效 ',0,'2017-06-14 19:30:00',30),(195,'美的（Midea）X3-L239C',999,599,'img/1.jpg','微波炉 快捷加热 微联智能黄色京东微联App控制',0,'2017-06-14 19:30:00',30),(196,'松下（Panasonic）NB-H3200 ',1109,899,'img/1.jpg','家用电烤箱32L 专业烘焙 大容量',0,'2017-06-14 19:30:00',31),(197,'海氏（Hauswirt）HO-40E ',899,599,'img/1.jpg','电烤箱智能家用多功能40L独立控温带热风循环',0,'2017-06-14 19:30:00',31),(198,'美的（Midea）MG38CB-AA',589,299,'img/1.jpg','电烤箱家用大容量 广域控温 38L黑色',0,'2017-06-14 19:30:00',31),(199,'松下（Panasonic）NU-JA100W ',2287,1799,'img/1.jpg','家用蒸烤箱15L 多用途 空气炸烘焙发酵餐具消毒电烤箱',0,'2017-06-14 19:30:00',31),(200,'长帝（changdi）TRTF32S',528,329,'img/1.jpg','电烤箱家用多功能 独立控温 旋转烤叉 ',0,'2017-06-14 19:30:00',31),(201,'美的（Midea）C21-WK2102',388,179,'img/1.jpg','电磁炉整板触控黑晶面板八档火力 （赠汤锅+炒锅）',0,'2017-06-14 19:30:00',32),(202,'九阳（Joyoung）21HEC05',359,179,'img/1.jpg','电磁炉整版触摸赠汤锅+炒锅+刀具套装',0,'2017-06-14 19:30:00',32),(203,'苏泊尔（SUPOR）SDHCB31-210',988,599,'img/1.jpg','电磁炉 大线圈密集火电磁灶（赠炒锅）',0,'2017-06-14 19:30:00',32),(204,'美的（Midea）C21-WT2112T',478,289,'img/1.jpg','电磁炉匀火纤薄十档火力 （赠欧式汤锅+渗氮炒锅）',0,'2017-06-14 19:30:00',32),(205,'九阳（Joyoung）C21-LH2',631,398,'img/1.jpg','电磁炉多功能大功率（赠多功能套锅）',0,'2017-06-14 19:30:00',32),(206,'九阳（Joyoung）H22-x3',449,249,'img/1.jpg','电陶炉电磁炉大功率红外光波家用超薄',0,'2017-06-14 19:30:00',33),(207,'米技 （MIJI）Gala CEE 3400 II',4758,3399,'img/1.jpg','德国嵌入式双灶电陶炉 电磁炉 不挑锅 静音',0,'2017-06-14 19:30:00',33),(208,'米技（MIJI）Gala I cook 1900',4652,3198,'img/1.jpg','德国电磁炉 电陶炉 不挑锅 静音 触控 白色',0,'2017-06-14 19:30:00',33),(209,'米技（MIJI）home Cube2',2037,1299,'img/1.jpg','德国电陶炉 电磁炉 西瓜红（煮茶 烧烤 静音 拒绝高频辐射 不挑锅）',0,'2017-06-14 19:30:00',33),(210,'米技（MIJI）Miji Home Q8 ',3189,2278,'img/1.jpg','德国米技炉 电陶炉 白色',0,'2017-06-14 19:30:00',33),(211,'苏泊尔（SUPOR) CYSB50FCW20QJ-100',675,499,'img/1.jpg','电压力锅高压锅球釜',0,'2017-06-15 14:00:00',34),(212,'美的(Midea)WQS50F3 ',655,469,'img/1.jpg','电压力锅快速营养蒸 5L双胆 智能电脑版 家用高压锅',0,'2017-06-15 14:00:00',34),(213,'美的(Midea)WQH50C8 ',1108,899,'img/1.jpg','电压力锅IH大火力加热 浓香鼎釜 中途加菜 5L电脑版',0,'2017-06-15 14:00:00',34),(214,'苏泊尔（SUPOR）SY-50FH9011',886,699,'img/1.jpg',' 电压力锅 鲜呼吸 IH加热',0,'2017-06-15 14:00:00',34),(215,'九阳（Joyoung）JYY-50C3',455,269,'img/1.jpg','电压力锅高压锅5L双胆预约',0,'2017-06-15 14:00:00',34),(216,'九阳（Joyoung）DJ13E-Q1',877,599,'img/1.jpg','豆浆机破壁免滤预约1300ml家用全自动多功能',0,'2017-06-15 14:00:00',35),(217,'九阳（Joyoung）DJ13B-D08EC',568,399,'img/1.jpg','豆浆机免滤快速制浆米糊1.3L家用全自动',0,'2017-06-15 14:00:00',35),(218,'美的（Midea）WDE12F43 ',326,179,'img/1.jpg','豆浆机 6大菜单 双层防烫 快速豆浆（可打果汁）',0,'2017-06-15 14:00:00',35),(219,'美的（Midea）HC13J61',499,399,'img/1.jpg','生磨豆浆机 生磨豆浆 可做豆腐豆花(智能双预约豆汁机)',0,'2017-06-15 14:00:00',35),(220,'美的（Midea )DE12G13  ',437,219,'img/1.jpg','豆浆机 304不锈钢 多功能全钢豆汁机（可打果汁）',0,'2017-06-15 14:00:00',35),(221,'意大利德龙（Delonghi) ESAM2200.S ',5280,4490,'img/1.jpg','全自动咖啡机 意式 家用 商用 欧洲原装进口 泵压 自带打奶泡系统',0,'2017-06-15 14:00:00',36),(222,'意大利德龙（Delonghi) ECAM22.110.SB ',5860,4999,'img/1.jpg','全自动咖啡机 意式 家用 商用 欧洲原装进口 泵压 自带打奶泡系统',0,'2017-06-15 14:00:00',36),(223,'飞利浦（PHILIPS）HD8651/27',4580,3699,'img/1.jpg','咖啡机 全自动意式 家用咖啡机',0,'2017-06-15 14:00:00',36),(224,'飞利浦（PHILIPS）HD7751/00 ',2088,1299,'img/1.jpg','咖啡机 自动家用现磨一体咖啡豆研磨机',0,'2017-06-15 14:00:00',36),(225,'飞利浦（PHILIPS）HD8652/57 ',4899,3999,'img/1.jpg','咖啡机 全自动意式现磨咖啡机',0,'2017-06-15 14:00:00',36),(226,'东菱（Donlim） DL-T15W',699,439,'img/1.jpg','面包机 全自动撒果料和面 热风烘烤 25种菜单（粉色彩钢）',0,'2017-06-15 14:00:00',37),(227,'东菱（Donlim） DL-TM018',578,389,'img/1.jpg','面包机 旋风烘烤 全自动撒果料和面 彩钢机身 ',0,'2017-06-15 14:00:00',37),(228,'美的（Midea）TSC2011',713,499,'img/1.jpg','面包机 智能多功能触摸屏 家用全自动撒酵母果料',0,'2017-06-15 14:00:00',37),(229,'美的（Midea）ESC1510',518,339,'img/1.jpg','面包机 智能多功能家用 全自动撒酵母果料 仿土窑设计',0,'2017-06-15 14:00:00',37),(230,'伊莱克斯 Electrolux EBM1331 ',835,599,'img/1.jpg','多功能 面包机家用 LED加大显示屏 EBM1331',0,'2017-06-15 14:00:00',37),(231,'飞利浦（PHILIPS）HR1871/00 ',899,734,'img/1.jpg','榨汁机 果汁机家用 不锈钢外壳 大口径 防滴漏',0,'2017-06-15 14:00:00',38),(232,'飞利浦（PHILIPS）HR1832/02 ',388,199,'img/1.jpg','榨汁机 迷你果汁机家用 防滴漏',0,'2017-06-15 14:00:00',38),(233,'九阳（Joyoung）JYZ-V911',568,369,'img/1.jpg','榨汁机慢速揉取原汁机（制作果汁 豆浆 奶昔）',0,'2017-06-15 14:00:00',38),(234,'九阳（Joyoung）JYZ-V15',868,699,'img/1.jpg','榨汁机家用多功能原汁机果汁机（出汁率高）可制作冰淇淋',0,'2017-06-15 14:00:00',38),(235,'美的（Midea）WJS1221F',816,469,'img/1.jpg','原汁机慢速挤压 清洗简洁榨汁机 纯铜电机一键启动',0,'2017-06-15 14:00:00',38),(236,'国西屋（Westinghouse）HS0454 ',2886,2381,'img/1.jpg','破壁料理机榨汁机料理机家用破壁机原汁机 加热玫瑰金',0,'2017-06-15 14:00:00',39),(237,'奥克斯(AUX)936 ',2686,1799,'img/1.jpg','破壁料理机加热多功能家用果汁机榨汁机原汁机豆浆机搅拌机 破壁机变频',0,'2017-06-15 14:00:00',39),(238,'德国宝GERMANPOOL PRO-10S',2799,2078,'img/1.jpg','破壁机加热破壁料理机多功能榨汁机家用 绿色',0,'2017-06-15 14:00:00',39),(239,'美国西屋（Westinghouse）LS0950 ',3670,2580,'img/1.jpg','破壁料理机榨汁机料理机家用破壁机原汁机不锈钢杯体 加热',0,'2017-06-15 14:00:00',39),(240,'美国洁氏（JESE）JS-100GL',4380,3081,'img/1.jpg','变频破壁料理机加热预约家用榨汁机搅拌机辅食机',0,'2017-06-15 14:00:00',39),(241,'美的（Midea）JCN30A',389,239,'img/1.jpg','电饼铛 双面加热 智能悬浮 速脆技术煎烤机',0,'2017-06-15 14:00:00',40),(242,'利仁（Liven）LR-D3020A',459,299,'img/1.jpg','电饼铛(美猴王)可拆洗 自主烙烤 速脆功能煎饼机煎烤机',0,'2017-06-15 14:00:00',40),(243,'利仁（Liven）LR-D3009',328,189,'img/1.jpg','电饼铛家用多功能速热速脆煎烤机烙饼机蛋糕机电饼档大烤盘悬浮双面',0,'2017-06-15 14:00:00',40),(244,'九阳（Joyoung）JK-30K09',287,129,'img/1.jpg','多功能电饼铛家用煎烤机双面悬浮烙饼机',0,'2017-06-15 14:00:00',40),(245,'苏泊尔（SUPOR)JK26A15-100',231,119,'img/1.jpg','电饼铛煎烤机',0,'2017-06-15 14:00:00',40),(246,'小熊（Bear）JYH-A30A1',498,299,'img/1.jpg','煎药壶 全自动中药壶电煎药锅养生壶3L',0,'2017-06-15 14:00:00',41),(247,'荣事达（Royalstar）YSH18Q ',287,149,'img/1.jpg','养生壶煮茶壶玻璃电水壶烧水壶多功能1.8L',0,'2017-06-15 14:00:00',41),(248,'小熊（Bear）YSH-B18T1 ',318,129,'img/1.jpg','养生壶 多功能煮茶壶 玻璃电水壶1.5L',0,'2017-06-15 14:00:00',41),(249,'美的（Midea）WGE1703b',269,199,'img/1.jpg','养生壶 煎药壶煮茶壶多功能电水壶烧水壶 1.5L容量',0,'2017-06-15 14:00:00',41),(250,'天际（TONZE）ZDH-58A ',319,198,'img/1.jpg','养生壶高硼硅玻璃水壶多功能电水壶 0.8L',0,'2017-06-15 14:00:00',41),(251,'小熊（Bear）SNJ-5012',235,129,'img/1.jpg','酸奶机 米酒机家用多功能微电脑全自动304不锈钢内胆送陶瓷4分杯 ',0,'2017-06-15 14:00:00',42),(252,'小熊（Bear）SNJ-A10K5',248,149,'img/1.jpg','酸奶机 纳豆机多功能家用微电脑智能定时陶瓷8分杯送2个便携盒 ',0,'2017-06-15 14:00:00',42),(253,'小熊（Bear）SNJ-B15D1',240,139,'img/1.jpg','酸奶机 家用全自动米酒纳豆机微电脑可定时不锈钢内胆陶瓷6分杯 ',0,'2017-06-15 14:00:00',42),(254,'小熊（Bear）SNJ-530',269,159,'img/1.jpg','米酒酸奶机 家用全自动蜜罐陶瓷内胆 微电脑定时 ',0,'2017-06-15 14:00:00',42),(255,'小熊（Bear）SNJ-A15K1',305,219,'img/1.jpg','纳豆酸奶机 家用泡菜米酒机 玻璃双内胆陶瓷8分杯 ',0,'2017-06-15 14:00:00',42),(256,'小熊(Bear) ZDQ-206',118,49,'img/1.jpg','煮蛋器 蒸蛋器自动断电防干烧煮蛋机双层可煮14个蛋304不锈钢蒸碗 ',0,'2017-06-15 14:00:00',43),(257,'小熊（Bear)ZDQ-2151',145,79,'img/1.jpg','煮蛋器 家用蒸蛋器早餐机旋钮可定时煮蛋机单双层自动断电送不304锈钢蒸碗',0,'2017-06-15 14:00:00',43),(258,'小熊（Bear) JDQ-C3011',168,89,'img/1.jpg','煎蛋器蒸蛋器 迷你不沾锅电煎蛋锅 煎蛋机多功能煎饼煎煮蛋器 ',0,'2017-06-15 14:00:00',43),(259,'九阳（Joyoung）ZD-5W05',110,69,'img/1.jpg','煮蛋器多功能智能蒸蛋器自动断电（5个蛋量）',0,'2017-06-15 14:00:00',43),(260,'九阳（Joyoung）ZD07W03A ',125,79,'img/1.jpg','多功能煮蛋器 可蒸水蛋 7个蛋',0,'2017-06-15 14:00:00',43),(261,'九阳（Joyoung）JYS-N6',599,399,'img/1.jpg','面条机多功能自动家用和面机智能面条机料理机',0,'2017-06-15 14:00:00',44),(262,'飞利浦（PHILIPS）HR2356/31',758,539,'img/1.jpg','面条机 全自动家用和面机压面机料理机',0,'2017-06-15 14:00:00',44),(263,'九阳（Joyoung）JYS-N7',850,599,'img/1.jpg','面条机多功能全自动和面机料理机',0,'2017-06-15 14:00:00',44),(264,'美的（Midea）WNS1501B',649,499,'img/1.jpg','面条机 家用全自动面条机 150W全铜线电机 6套模头家用和面机',0,'2017-06-15 14:00:00',44),(265,'格菱乐(Glinl)ND-180D',536,398,'img/1.jpg','全自动面条机家用电动压面机智能和面大容量 白色',0,'2017-06-15 14:00:00',44),(266,'飞利浦（PHILIPS）HD9316/03 ',385,199,'img/1.jpg','电水壶 304不锈钢保温1.7L大容量',0,'2017-06-15 14:00:00',45),(267,'美的（Midea）PF701-50T ',399,259,'img/1.jpg','电热水瓶 304不锈钢电水壶 5L容量 4段温控电热水壶 双层彩钢烧水壶',0,'2017-06-15 14:00:00',45),(268,'美的（Midea）PD105-50G',356,229,'img/1.jpg','电热水瓶 304不锈钢电水壶 5L容量 智能保温电热水壶 双出水烧水壶',0,'2017-06-15 14:00:00',45),(269,'奥克斯（AUX）AUX-8672',418,329,'img/1.jpg','电开水瓶304不锈钢高端液晶显温六段保温电水壶烧水壶5L ',0,'2017-06-15 14:00:00',45),(270,'奥克斯（AUX）HX-8037',326,249,'img/1.jpg','5L电开水瓶304不锈钢内胆五段保温电动出水电水壶烧水壶',0,'2017-06-15 14:00:00',45),(271,'飞利浦（PHILIPS） HR2210/01',958,799,'img/1.jpg','汽锅醇汤煲 多功能电炖锅 煲汤养生锅',0,'2017-06-15 14:00:00',46),(272,'九阳（Joyoung）JYZS-K423',299,199,'img/1.jpg','电炖锅4L紫砂锅煲汤锅养生电炖盅（可预约）',0,'2017-06-15 14:00:00',46),(273,'九阳（Joyoung）DGD50-05AK',389,239,'img/1.jpg','紫砂锅 多功能5L电炖锅紫砂煲（支持预约定时）',0,'2017-06-15 14:00:00',46),(274,'依立（yili）TB63B68',612,498,'img/1.jpg','紫砂电炖锅6.8L大面板智能预约定时电炖盅汤大师营养系列',0,'2017-06-15 14:00:00',46),(275,'苏泊尔（SUPOR)DNY822C-400',312,169,'img/1.jpg','电炖锅电炖盅锅三胆可预约隔水炖',0,'2017-06-15 14:00:00',46),(276,'美的（Midea）WSYH26A ',399,199,'img/1.jpg','多用途锅多功能电蒸锅 不锈钢 智能定时 三层 大容量',0,'2017-06-15 14:00:00',47),(277,'美的（Midea）SYS28-22',459,299,'img/1.jpg','多用途锅多功能电蒸锅 不锈钢 智能预约 三层14.8升',0,'2017-06-15 14:00:00',47),(278,'虎牌（Tiger）CQE-A11C',318,199,'img/1.jpg','多功能料理锅',0,'2017-06-15 14:00:00',47),(279,'小熊（Bear）DHG-B40E1 ',308,169,'img/1.jpg','4L电火锅 韩式多功能电炒锅 不粘锅家用多用锅',0,'2017-06-15 14:00:00',47),(280,'苏泊尔 SUPOR ZN28YC808-130',459,339,'img/1.jpg','多用途锅多功能电蒸锅三层10L容量',0,'2017-06-15 14:00:00',47),(281,'亨博（hengbo）HB-480',512,379,'img/1.jpg','电烤炉杜邦不粘大烤盘烧烤炉 家用无烟烤肉机 煎烤机配烧烤架 电饼铛功能',0,'2017-06-15 14:00:00',48),(282,'利仁（Liven）KL-J4300',328,199,'img/1.jpg','电烧烤炉家用电烤盘烧烤机无烟不粘烤肉锅',0,'2017-06-15 14:00:00',48),(283,'亨博（hengbo）SC-507',398,239,'img/1.jpg','电烤炉韩式无烟家用电烤炉 杜邦不粘电烤盘烧烤机 铁板牛排烤肉煎烤机',0,'2017-06-15 14:00:00',48),(284,'亨博（hengbo）SC-505A',320,199,'img/1.jpg','电烤炉家用烧烤架韩式无烟电饼铛电烤肉烤盘煎烤炉 圆形电烤盘烧烤炉',0,'2017-06-15 14:00:00',48),(285,'利仁（Liven）KL-J441A',339,199,'img/1.jpg','电烧烤炉家用电烤盘烧烤机无烟不粘烤肉锅',0,'2017-06-15 14:00:00',48),(286,'小熊(Bear)DFH-A20D1',287,169,'img/1.jpg','电热饭盒 三层不锈钢内胆热饭器加热饭盒智能预约定时保温抽真空保鲜2升大容量 ',0,'2017-06-15 14:00:00',49),(287,'小熊（bear）DFH-S2116',169,99,'img/1.jpg','电热饭盒 加热保温饭盒 双层真空',0,'2017-06-15 14:00:00',49),(288,'小熊（bear) DFH-S2016',158,89,'img/1.jpg','电热饭盒 加热饭盒密封 不锈钢 1.3L',0,'2017-06-15 14:00:00',49),(289,'Yoice/优益Y-DFH3 ',105,69,'img/1.jpg','加热饭盒插电保温电热饭盒三层热饭蒸饭器2升  咖啡色',0,'2017-06-15 14:00:00',49),(290,'十度良品 SD-923',169,99,'img/1.jpg','电热饭盒加热饭盒三层',0,'2017-06-15 14:00:00',49),(291,'小熊（Bear）DYJ-S6365',189,119,'img/1.jpg','豆芽机 双层全自动家用',0,'2017-06-15 14:00:00',50),(292,'北欧欧慕（nathome）NSD2000',499,299,'img/1.jpg','料理机家用1L气泡水机 白色',0,'2017-06-15 14:00:00',50),(293,'贝克巴斯(BECBAS)DM480 ',1888,1399,'img/1.jpg','家用厨房食物垃圾处理器厨余粉碎机 处理器',0,'2017-06-15 14:00:00',50),(294,'德国宝GERMANPOOL JET-901',1359,998,'img/1.jpg','多层电蒸锅多功能家用全营养美食电蒸笼 黑色',0,'2017-06-15 14:00:00',50),(295,'拜杰（Baijie）TCS-100',360,259,'img/1.jpg','数码电子台秤 折叠计价秤100KG ',0,'2017-06-15 14:00:00',50),(296,'美的（Midea）YGD20D7',689,389,'img/1.jpg','2L 双杆 可卧可立蒸汽挂烫机 家用手持/挂式电熨斗',0,'2017-06-15 14:00:00',51),(297,'飞利浦（Philips）GC502/28',389,289,'img/1.jpg','挂烫机家用蒸汽挂烫机 1500w带手套（天空蓝）',0,'2017-06-15 14:00:00',51),(298,'美的（Midea）YGD20D1',510,339,'img/1.jpg','2L 双杆 蒸汽挂烫机 家用手持/挂式电熨斗(红色)',0,'2017-06-15 14:00:00',51),(299,'松下（Panasonic）NI-GSA055',659,549,'img/1.jpg','挂烫机电熨斗头部加热熨烫系列（橙色）',0,'2017-06-15 14:00:00',51),(300,'华光（HG）WY69-LDV',387,199,'img/1.jpg','10档液晶 单杆 蒸汽挂烫机 家用手持/挂式电熨斗(酒红色)',0,'2017-06-15 14:00:00',51),(301,'奥克斯（AUX）NFS-20F-1',525,349,'img/1.jpg','遥控冷暖冷风扇/空调扇/电风扇/取暖器',0,'2017-06-15 14:00:00',52),(302,'美的（Midea）AD120-S ',895,729,'img/1.jpg','冷暖型遥控冷风扇/空调扇/电风扇',0,'2017-06-15 14:00:00',52),(303,'志高（CHIGO）FSE-12N',539,399,'img/1.jpg','驱蚊款冷暖遥控型取暖器/暖风机/冷风扇/空调扇（金黑色）',0,'2017-06-15 14:00:00',52),(304,'赛亿(Shinee)LNG-04ER',499,349,'img/1.jpg','遥控冷暖空调扇/冷风扇/电风扇/电暖器家用移动空气净化加湿制冷风机',0,'2017-06-15 14:00:00',52),(305,'先锋（Singfun）DG1218',532,349,'img/1.jpg','遥控冷暖空调扇/冷风扇/电风扇/取暖器/电暖气/电暖器',0,'2017-06-15 14:00:00',52),(306,'公牛（BULL) GN-U303U ',68,49,'img/1.jpg','魔方USB插座 插线板/插排/排插/接线板/拖线板 3USB接口+3插孔全长1.5米',0,'2017-06-15 14:00:00',53),(307,'公牛（BULL）GN-403+GN-211',65,45,'img/1.jpg','套装 插座/插线板/插排/排插/接线板/拖线板 8位+4位 1.8米组合套装',0,'2017-06-15 14:00:00',53),(308,'公牛（BULL）GN-B2440+GN-B2220 ',59,49,'img/1.jpg','插座/插线板/插排/排插/接线板/拖线板 8位+4位 1.8米组合套装',0,'2017-06-15 14:00:00',53),(309,'飞利浦（PHILIPS）SPS7530A/93 4USB',350,299,'img/1.jpg','总4A充电+5位3米插座 智能定时 儿童保护 插排插线板/接线板/拖线板',0,'2017-06-15 14:00:00',53),(310,'公牛（BULL) GN-U303UW ',89,65,'img/1.jpg','无线魔方USB插座 插线板/插排/排插/接线板/拖线板 3USB接口+3插孔',0,'2017-06-15 14:00:00',53),(311,'摩托罗拉(Motorola)CL101C',256,197,'img/1.jpg','数字无绳电话机座机子母机中文显示免提套装办公家用一拖一固定无线座机(黑色)',0,'2017-06-15 14:00:00',54),(312,'TCL HCD868(79)TSD',99,49,'img/1.jpg','固定有绳电话机座机来电显示免电池免提座式壁挂家用办公经典有绳方型座机(白色)',0,'2017-06-15 14:00:00',54),(313,'飞利浦（PHILIPS）CORD118 ',120,78,'img/1.jpg','免电池 来电显示电话机/家用座机/办公座机 黑色',0,'2017-06-15 14:00:00',54),(314,'TCL HCD868(17B)TSD',87,46,'img/1.jpg','固定有绳电话机/座机/来电显示免电池免提屏幕翻转座式/壁挂家用办公有绳固话(灰白)',0,'2017-06-15 14:00:00',54),(315,'TCL D60',269,188,'img/1.jpg','数字无绳电话机座机子母机中文菜单免提大按键屏幕背光家用办公固定无线座机/一拖一套机(黑色)',0,'2017-06-15 14:00:00',54),(316,'美的 (Midea) MYR926S-W ',459,369,'img/1.jpg','温热型沸腾胆 饮水机',0,'2017-06-15 14:00:00',55),(317,'奥克斯（AUX）YLR-5-N ',469,379,'img/1.jpg','冷热双门饮水机',0,'2017-06-15 14:00:00',55),(318,'美的（Midea）MYD927S-W',489,399,'img/1.jpg','升级版 立式电子制冷冷热型 双封闭门饮水机',0,'2017-06-15 14:00:00',55),(319,'安吉尔（Angel）Y1263LKD-C',467,349,'img/1.jpg','立式家用办公 冷热型饮水机',0,'2017-06-15 14:00:00',55),(320,'奥克斯（AUX）YLR-5-K ',489,369,'img/1.jpg','立式双门冷热型饮水机',0,'2017-06-15 14:00:00',55),(321,'史密斯(A.O.SmithSR50-D3)',3189,2688,'img/1.jpg','家用净水器 储水型专利反渗透滤芯寿命3年 低废水1:1 净水机 ',0,'2017-06-15 14:00:00',56),(322,'沁园（QINYUAN）RU-185J ',2078,1696,'img/1.jpg','节水型家用净水器双核心膜过滤纯水机',0,'2017-06-15 14:00:00',56),(323,'史密斯(A.O.Smith)SR400-C6',5560,4550,'img/1.jpg','家用净水器 即滤型专利3年反渗透1.3升大流量 低废水1:1 净水机 ',0,'2017-06-15 14:00:00',56),(324,'霍尼韦尔（Honeywell）HRO-400 RO',4630,3399,'img/1.jpg','反渗透直饮净水器无桶家用厨下净水机5级过滤纯水机',0,'2017-06-15 14:00:00',56),(325,'美的（Midea）MRC1686A-50G(升级版)',2250,1698,'img/1.jpg','家用净水器 净水机 直饮机 滤芯美国进口3年长寿 1:1低废水净水器',0,'2017-06-15 14:00:00',56),(326,'格力（GREE）DH20EH ',3050,2380,'img/1.jpg','新款智能数控 家用/地下室静音抽湿机/除湿器/除湿机',0,'2017-06-15 14:00:00',57),(327,'德业（Deye）DYD-D50A3 ',2999,2399,'img/1.jpg','除湿机/抽湿机/除湿器 家用商务两用 大面积智能除湿 干衣净化一体',0,'2017-06-15 14:00:00',57),(328,'欧井（Eurgeen）OJ-550EP',3380,2499,'img/1.jpg','除湿机家用/抽湿机/除湿器 工业大面积智能去湿机',0,'2017-06-15 14:00:00',57),(329,'TCL （DET25E）',3088,2099,'img/1.jpg','除湿机 抽湿机 除湿器 家用 工业 地下室（智能定时、大面积除湿、干衣、净化）',0,'2017-06-15 14:00:00',57),(330,'飞利浦(PHILIPS)DE4202/00 ',3899,2999,'img/1.jpg','空气除湿机 回南天必备家用大容量抽湿器 智能数显静音 自动除霜',0,'2017-06-15 14:00:00',57),(331,'德尔玛（Deerma）DEM-V2',320,149,'img/1.jpg','干衣机烘干机家用静音烘衣机',0,'2017-06-15 14:00:00',58),(332,'格力（GREE）NFA-12a-WG ',369,278,'img/1.jpg','烘干机双层干衣机',0,'2017-06-15 14:00:00',58),(333,'德尔玛（Deerma）DEM-S7 ',348,169,'img/1.jpg','烘干机 双层干衣机',0,'2017-06-15 14:00:00',58),(334,'格力(GREE)NFA-12A-WG',388,268,'img/1.jpg','烘干机干衣机家用婴儿衣柜式风干衣服',0,'2017-06-15 14:00:00',58),(335,'容声(RONSHEN)NSB-1000C ',360,209,'img/1.jpg','干衣机 衣服烘干机家用烘衣机双层静音快速干衣1200W铝管升级款',0,'2017-06-15 14:00:00',58),(336,'美国艾罗伯特（iRobot）',2998,2199,'img/1.jpg','智能拖地擦地机器人 Braava381',0,'2017-06-15 14:00:00',59),(337,'科沃斯（Ecovacs）W830-RD ',2650,1789,'img/1.jpg','窗宝 全自动智能家用 擦窗擦玻璃清洁机器人',0,'2017-06-15 14:00:00',59),(338,'德国Karcher CTK10',1599,999,'img/1.jpg','蒸汽清洁机杀菌拖把 除螨除污垢',0,'2017-06-15 14:00:00',59),(339,'科沃斯（Ecovacs）W830',4029,3299,'img/1.jpg','倾城+窗宝 智能清洁组合套餐 扫地机器人倾城+窗宝W830（玫瑰金款）',0,'2017-06-15 14:00:00',59),(340,'德国Karcher SC4 ',3389,2590,'img/1.jpg','高温高压蒸汽清洁机 杀菌拖把 除螨除污垢 德国原装进口',0,'2017-06-15 14:00:00',59),(341,'熊猫（PANDA）CD-850',639,528,'img/1.jpg','CD机 磁带机 录音机 U盘插卡音响 复读机 收录机 收音机 DVD播放机 胎教机 学习机（蓝色）',0,'2017-06-15 14:00:00',60),(342,'飞利浦（PHILIPS）AZ380/93 ',589,399,'img/1.jpg','CD机 cd播放器 便携收录机 胎教机 学习机 收音机 U盘播放器 迷你音响',0,'2017-06-15 14:00:00',60),(343,'飞利浦（PHILIPS）AZ329/93',610,499,'img/1.jpg','CD机 磁带机 卡带机 学习机 胎教机 收录机 收音机 教学机 USB播放器 手提音响',0,'2017-06-15 14:00:00',60),(344,'飞利浦（PHILIPS）AZ1066/93 ',588,428,'img/1.jpg','CD机 复读机 录音机 磁带机 跟读机 学习机 卡带机 收音机 转录机 便携收录机',0,'2017-06-15 14:00:00',60),(345,'德生（Tecsun） DR-920c',200,110,'img/1.jpg','全波段收音机 老人便携半导体 高考英语四六级校园广播',0,'2017-06-15 14:00:00',60),(346,'飞利浦（PHILIPS） S5082/61',859,679,'img/1.jpg','电动剃须刀 多功能理容刮胡刀礼盒装（配胡须修剪器 鼻毛修剪器）',0,'2017-06-15 14:00:00',61),(347,'飞科(FLYCO)FS372',189,99,'img/1.jpg','全身水洗电动剃须刀刮胡须刀',0,'2017-06-15 14:00:00',61),(348,'飞利浦（PHILIPS）RQ311 ',299,209,'img/1.jpg','电动剃须刀 全身水洗刮胡刀',0,'2017-06-15 14:00:00',61),(349,'飞科(FLYCO)FS375',268,179,'img/1.jpg','智能电动剃须刀 全身水洗刮胡刀',0,'2017-06-15 14:00:00',61),(350,'飞利浦（PHILIPS）YQ6188/16 ',310,269,'img/1.jpg','电动剃须刀 刮胡刀',0,'2017-06-15 14:00:00',61),(351,'飞利浦（PHILIPS）HX9362/67',2658,1990,'img/1.jpg','电动牙刷 钻石亮白型 充电式成人声波震动 奢宠粉钻',0,'2017-06-15 14:00:00',62),(352,'飞利浦（PHILIPS）HX9352/04',2660,1990,'img/1.jpg','电动牙刷 钻石亮白型 充电式成人声波震动 魅力黑钻',0,'2017-06-15 14:00:00',62),(353,'飞利浦（PHILIPS）HX6730/02',788,459,'img/1.jpg','电动牙刷 成人充电式声波震动牙刷雾白',0,'2017-06-15 14:00:00',62),(354,'飞利浦（PHILIPS）HX9332/04',2660,1990,'img/1.jpg','电动牙刷 钻石亮白型 充电式成人声波震动 陶瓷白',0,'2017-06-15 14:00:00',62),(355,'博朗（Braun）欧乐B 4000 ',879,549,'img/1.jpg','3D声波智能电动牙刷（4大模式，2刷头，1旅行盒）',0,'2017-06-15 14:00:00',62),(356,'松下（Panasonic） EH-SA31-P405 ',689,499,'img/1.jpg','离子蒸汽美容器',0,'2017-06-15 14:00:00',63),(357,'飞利浦（PHILIPS） BSC301/05',1299,999,'img/1.jpg','眼周焕亮仪 眼部按摩仪 眼部护眼仪',0,'2017-06-15 14:00:00',63),(358,'飞利浦（PHILIPS）SC5340',2180,1880,'img/1.jpg','美容器 多功能电动按摩美容SPA仪',0,'2017-06-15 14:00:00',63),(359,'松下（Panasonic）EH-ST50-W405 ',1288,999,'img/1.jpg','温热离子美容器 导入导出 多功能美容仪',0,'2017-06-15 14:00:00',63),(360,'松下（Panasonic）EH-ST50 ',1250,1099,'img/1.jpg','温热离子美容仪 导入导出 多功能美容仪',0,'2017-06-15 14:00:00',63),(361,'飞利浦（PHILIPS）SC5363/10',1450,1280,'img/1.jpg','美容仪 多功能电动洁面脸部眼部按摩美容仪',0,'2017-06-15 14:00:00',64),(362,'斐珞尔（FOREO）LUNA ',2050,1880,'img/1.jpg','2代 电动洁面仪 毛孔清洁电子美容仪 硅胶 清洁器洗脸刷 适合敏感肌肤 紫色',0,'2017-06-15 14:00:00',64),(363,'科莱丽 Clarisonic Mia2',1650,1224,'img/1.jpg','声波电动洁面仪 便携型 粉色款 毛孔清洁美容仪 洗脸仪',0,'2017-06-15 14:00:00',64),(364,'飞利浦（PHILIPS） MS5031/00',1180,999,'img/1.jpg','男士洁面仪 带多种刷头 洁面仪 洗脸仪',0,'2017-06-15 14:00:00',64),(365,'飞利浦（PHILIPS）MS5085/00多',2580,2199,'img/1.jpg','男士美容器功能面部护理 焕能洁净SPA套装 控油洁面仪 眼部按摩仪 脸部按摩仪',0,'2017-06-15 14:00:00',64),(366,'沙宣（VS）VSCS69PICN ',199,159,'img/1.jpg','卷直两用陶瓷面板卷发器卷发棒',0,'2017-06-15 14:00:00',65),(367,'沙宣（VS） VSI3270PICN ',288,239,'img/1.jpg','32MM 电气石陶瓷二合一直发卷发器卷发棒',0,'2017-06-15 14:00:00',65),(368,'飞利浦（PHILIPS）HP8663/15',328,249,'img/1.jpg','负离子养护 直/卷发造型卷发棒吹风造型梳',0,'2017-06-15 14:00:00',65),(369,'雷瓦（RIWA) Z9 ',268,149,'img/1.jpg','防烫液晶温控卷直两用卷直发器卷发棒卷发器直发夹板',0,'2017-06-15 14:00:00',65),(370,'飞利浦（PHILIPS）HP8668/05 ',589,459,'img/1.jpg','美发造型器 半自动旋转式造型器 角蛋白陶瓷涂层',0,'2017-06-15 14:00:00',65),(371,'飞科(FLYCO)FC5902',288,129,'img/1.jpg','专业电动理发器成人儿童电推剪',0,'2017-06-15 14:00:00',66),(372,'飞利浦（PHILIPS） QC5130 ',369,299,'img/1.jpg','理发器 家用理发 电动理发器 电推剪',0,'2017-06-15 14:00:00',66),(373,'飞利浦（PHILIPS）HC1099/15 ',328,269,'img/1.jpg','理发器 儿童理发器 婴儿理发器',0,'2017-06-15 14:00:00',66),(374,'雷瓦（RIWA）X7 ',269,129,'img/1.jpg','全身水洗液晶显示锂电电动理发器 儿童/成人电推剪',0,'2017-06-15 14:00:00',66),(375,'飞利浦（PHILIPS）HC3426/15',380,285,'img/1.jpg','理发器 电推剪 亲子理发器 儿童理发器',0,'2017-06-15 14:00:00',66),(376,'飞利浦（PHILIPS） NT1150/10',260,178,'img/1.jpg','耳毛鼻毛修剪器',0,'2017-06-15 14:00:00',67),(377,'飞利浦（PHILIPS）BRI861/80 ',2750,1999,'img/1.jpg','脱毛器 脉冲光脱毛器 激光脱毛器',0,'2017-06-15 14:00:00',67),(378,'飞科(FLYCO)FS7209',88,59,'img/1.jpg','全身水洗女士电动剃毛器',0,'2017-06-15 14:00:00',67),(379,'飞利浦（PHILIPS）BRL130/00 ',363,279,'img/1.jpg','电动剃毛器 珍珠梳齿修剪 单刀网 剃脱毛器',0,'2017-06-15 14:00:00',67),(380,'松下（Panasonic） ER417K ',259,129,'img/1.jpg','鼻毛修剪器',0,'2017-06-15 14:00:00',67),(381,'泰昌(taichang)TC-2059 ',788,539,'img/1.jpg','全自动按摩足浴盆洗脚盆泡脚盆泡脚桶',0,'2017-06-15 14:00:00',68),(382,'泰昌（taichang)TC-5197 ',499,399,'img/1.jpg','全自动按摩足浴盆洗脚盆泡脚盆泡脚桶（智能款）',0,'2017-06-15 14:00:00',68),(383,'美妙(Mimir)JD-88',528,369,'img/1.jpg','全自动按摩足浴盆洗脚盆泡脚盆泡脚桶',0,'2017-06-15 14:00:00',68),(384,'皇威(huangwei)H-205N',569,399,'img/1.jpg','全自动按摩足浴盆洗脚盆泡脚盆泡脚桶',0,'2017-06-15 14:00:00',68),(385,'皇威(huangwei)H-8010B',588,410,'img/1.jpg','全自动按摩足浴盆洗脚盆泡脚盆泡脚桶',0,'2017-06-15 14:00:00',68),(386,'松下(Panasonic)EP-MA01',10300,8699,'img/1.jpg','按摩椅 家用太空舱',0,'2017-06-15 14:00:00',69),(387,'荣泰(RONGTAI)RT6038 ',12000,11200,'img/1.jpg','按摩椅电动全身太空舱按摩椅主机 咖啡色',0,'2017-06-15 14:00:00',69),(388,'荣泰RONGTAI 7700',18800,16800,'img/1.jpg','按摩椅家用多功能电动太空舱按摩椅主机 咖啡色',0,'2017-06-15 14:00:00',69),(389,'司达康K17 ',10089,8399,'img/1.jpg','太空舱按摩椅家用全身电动3D机械手按摩沙发 褐色',0,'2017-06-15 14:00:00',69),(390,'松下(Panasonic)EP-MA2L ',13090,10999,'img/1.jpg','按摩椅 家用太空舱 升级款',0,'2017-06-15 14:00:00',69);



/*Table structure for table `user` */

DROP TABLE IF EXISTS `user`;

CREATE TABLE `user` (
  `uid` int(11) NOT NULL AUTO_INCREMENT,
  `username` varchar(255) DEFAULT NULL,
  `password` varchar(255) DEFAULT NULL,
  `name` varchar(255) DEFAULT NULL,
  `sex` int(11) DEFAULT NULL,
  `email` varchar(255) DEFAULT NULL,
  `phone` varchar(255) DEFAULT NULL,
  `addr` varchar(255) DEFAULT NULL,
  `state` int(11) DEFAULT NULL,
  `code` varchar(64) DEFAULT NULL,
  PRIMARY KEY (`uid`)
) ENGINE=InnoDB AUTO_INCREMENT=3 DEFAULT CHARSET=utf8;

/*Data for the table `user` */

insert  into `user`(`uid`,`username`,`password`,`name`,`sex`,`email`,`phone`,`addr`,`state`,`code`) values (2,'aaa','111','111',1,'111','111','1',1,'1');

/*!40101 SET SQL_MODE=@OLD_SQL_MODE */;
/*!40014 SET FOREIGN_KEY_CHECKS=@OLD_FOREIGN_KEY_CHECKS */;
/*!40014 SET UNIQUE_CHECKS=@OLD_UNIQUE_CHECKS */;
/*!40111 SET SQL_NOTES=@OLD_SQL_NOTES */;
